word	use: yes	use: mostly yes	use: mostly no	use: no	2025	2026	time: > 5 years	time: 2-5 years	time: 1-2 years	time: 6-12 months	time: 3-6 months	time: 0-3 months	dict-readers	sunoers	redditors	discorders	2025_cat	2026_cat	cat_changed
toki	453.0	2.0	1.0	0.0	100.0	99.71	99.1	99.78	99.36	100.0	100.0	100.0	99.29	100.0	100.0	99.7	core	core	False
e	416.0	1.0	0.0	1.0	100.0	99.68	98.92	100.0	100.0	100.0	100.0	97.78	100.0	100.0	90.0	99.84	core	core	False
li	416.0	1.0	0.0	1.0	100.0	99.68	98.92	100.0	100.0	100.0	100.0	97.78	100.0	100.0	90.0	99.84	core	core	False
pona	443.0	1.0	1.0	1.0	100.0	99.55	99.07	100.0	98.56	100.0	100.0	100.0	98.3	100.0	100.0	99.85	core	core	False
soweli	449.0	7.0	0.0	0.0	100.0	99.49	99.1	100.0	100.0	98.79	98.81	98.67	99.29	100.0	100.0	99.24	core	core	False
lili	437.0	4.0	0.0	1.0	100.0	99.47	98.99	100.0	100.0	98.69	100.0	97.22	99.31	100.0	90.0	99.7	core	core	False
mi	452.0	2.0	0.0	2.0	100.0	99.42	99.1	100.0	98.72	100.0	100.0	98.0	100.0	100.0	87.5	99.39	core	core	False
ala	436.0	3.0	0.0	2.0	100.0	99.32	99.07	100.0	99.7	98.21	100.0	96.67	99.28	100.0	100.0	99.85	core	core	False
mute	435.0	4.0	0.0	2.0	100.0	99.24	99.07	99.76	99.39	98.21	100.0	97.5	99.64	100.0	100.0	99.55	core	core	False
telo	410.0	7.0	0.0	1.0	100.0	99.2	98.92	100.0	99.37	99.33	99.35	96.3	99.24	100.0	90.0	99.21	core	core	False
sitelen	410.0	7.0	0.0	1.0	100.0	99.2	98.92	100.0	99.69	100.0	98.04	96.3	99.62	100.0	90.0	99.21	core	core	False
sina	440.0	3.0	0.0	3.0	100.0	99.1	99.07	100.0	98.85	100.0	99.44	96.0	98.64	100.0	90.0	99.85	core	core	False
tenpo	434.0	5.0	2.0	1.0	100.0	99.1	98.99	99.77	99.71	98.04	99.38	96.53	97.59	100.0	100.0	99.24	core	core	False
moku	438.0	5.0	1.0	2.0	100.0	99.03	99.07	100.0	97.7	100.0	99.44	98.0	97.62	100.0	90.0	99.71	core	core	False
ilo	410.0	4.0	2.0	2.0	100.0	98.88	98.92	100.0	99.37	100.0	98.69	93.33	98.48	100.0	90.0	99.37	core	core	False
ona	432.0	6.0	0.0	3.0	100.0	98.87	99.07	99.76	99.7	97.62	99.43	94.17	98.92	99.31	90.0	99.7	core	core	False
sona	432.0	6.0	2.0	2.0	100.0	98.79	98.99	99.77	99.12	98.69	98.77	95.14	98.28	99.33	90.0	99.39	core	core	False
ike	430.0	8.0	1.0	2.0	100.0	98.79	99.07	99.53	98.79	98.21	99.43	95.83	98.92	99.31	100.0	99.4	core	core	False
pakala	432.0	6.0	2.0	2.0	100.0	98.79	98.99	99.77	99.42	98.69	98.77	94.44	98.63	100.0	90.0	99.09	core	core	False
musi	435.0	8.0	0.0	3.0	100.0	98.73	99.07	99.51	98.28	100.0	99.44	95.33	97.96	100.0	90.0	98.97	core	core	False
tawa	431.0	6.0	1.0	3.0	100.0	98.72	99.07	100.0	99.7	97.62	98.85	92.5	98.57	100.0	90.0	99.55	core	core	False
ken	408.0	6.0	1.0	3.0	100.0	98.64	98.92	99.75	99.69	99.33	99.35	91.11	97.73	100.0	90.0	99.21	core	core	False
lon	408.0	6.0	1.0	3.0	100.0	98.64	98.92	100.0	99.37	100.0	98.69	91.11	98.86	99.29	90.0	98.58	core	core	False
pilin	445.0	7.0	0.0	4.0	100.0	98.61	99.1	99.35	99.36	99.39	98.21	94.0	98.94	100.0	87.5	98.63	core	core	False
o	441.0	13.0	0.0	2.0	100.0	98.61	99.1	99.13	99.04	100.0	97.62	95.33	97.87	99.46	100.0	98.33	core	core	False
jan	435.0	5.0	4.0	2.0	100.0	98.58	99.07	99.27	97.99	100.0	98.33	96.67	98.64	100.0	100.0	98.53	core	core	False
ni	430.0	7.0	0.0	4.0	100.0	98.56	99.07	99.76	99.7	97.62	99.43	90.83	98.92	100.0	90.0	99.1	core	core	False
seme	435.0	5.0	3.0	3.0	100.0	98.51	99.07	100.0	98.56	100.0	98.33	92.67	96.94	100.0	90.0	99.12	core	core	False
wile	434.0	8.0	0.0	4.0	100.0	98.51	99.07	99.03	98.28	100.0	99.44	94.67	96.94	100.0	90.0	98.97	core	core	False
suli	433.0	8.0	3.0	2.0	100.0	98.51	99.07	99.76	97.41	100.0	98.89	95.33	97.62	100.0	90.0	98.97	core	core	False
lukin	441.0	8.0	5.0	2.0	100.0	98.25	98.2	98.27	98.4	99.39	98.81	96.0	99.29	100.0	87.5	97.72	core	core	False
suwi	422.0	16.0	3.0	1.0	100.0	98.11	98.99	99.3	98.54	97.39	97.53	94.44	98.28	99.33	86.67	97.88	core	core	False
lipu	427.0	15.0	1.0	3.0	100.0	98.06	99.07	98.54	97.7	100.0	97.78	95.33	96.26	99.26	100.0	98.08	core	core	False
pi	425.0	10.0	5.0	2.0	99.0	98.04	97.98	98.83	98.83	99.35	96.3	94.44	97.59	97.33	96.67	98.33	core	core	False
pali	438.0	13.0	1.0	4.0	100.0	98.03	99.1	99.13	98.72	100.0	95.83	92.67	97.52	100.0	87.5	98.48	core	core	False
kama	429.0	11.0	2.0	4.0	100.0	97.98	99.07	99.27	98.56	100.0	96.67	92.0	95.92	99.26	90.0	98.53	core	core	False
tomo	429.0	11.0	2.0	4.0	100.0	97.98	99.07	98.78	97.41	98.58	98.89	94.67	96.94	100.0	86.67	98.53	core	core	False
wawa	426.0	9.0	3.0	4.0	100.0	97.96	98.99	99.53	98.83	98.69	96.91	90.97	95.88	100.0	90.0	98.64	core	core	False
ijo	426.0	15.0	2.0	3.0	100.0	97.91	99.07	98.54	97.41	98.58	98.33	95.33	97.28	100.0	86.67	97.94	core	core	False
luka	421.0	16.0	3.0	2.0	100.0	97.89	98.99	99.06	98.83	97.39	97.53	92.36	96.22	98.67	90.0	98.48	core	core	False
ma	423.0	13.0	0.0	5.0	100.0	97.88	99.07	100.0	98.48	97.02	98.28	88.33	96.77	100.0	90.0	99.25	core	core	False
lape	398.0	14.0	4.0	2.0	100.0	97.77	98.92	99.26	99.06	98.67	94.77	91.85	97.35	100.0	90.0	97.63	core	core	False
ante	433.0	17.0	2.0	4.0	100.0	97.59	99.1	99.57	98.4	98.18	96.43	89.33	96.1	98.92	87.5	97.72	core	core	False
nimi	397.0	15.0	2.0	4.0	100.0	97.53	98.92	100.0	98.43	97.33	96.08	88.89	98.48	97.16	90.0	97.63	core	core	False
pana	398.0	13.0	3.0	4.0	99.0	97.53	98.92	99.75	98.74	100.0	92.81	89.63	96.97	97.87	83.33	98.26	core	core	False
la	421.0	12.0	3.0	5.0	100.0	97.51	99.07	99.29	99.39	96.43	96.55	87.5	95.34	99.31	90.0	98.95	core	core	False
kulupu	434.0	14.0	4.0	4.0	100.0	97.51	99.1	99.78	98.72	97.58	95.24	89.33	96.81	98.39	87.5	97.56	core	core	False
a	431.0	16.0	8.0	1.0	99.0	97.44	99.1	98.7	96.79	95.76	97.62	95.33	94.68	100.0	100.0	97.72	core	core	False
nasa	421.0	12.0	5.0	4.0	100.0	97.44	98.99	99.3	97.95	98.69	96.91	88.89	97.59	100.0	90.0	97.42	core	core	False
suno	418.0	16.0	3.0	4.0	100.0	97.43	99.07	99.76	99.09	94.64	95.4	90.0	96.06	100.0	100.0	98.21	core	core	False
kalama	431.0	18.0	3.0	4.0	100.0	97.37	99.1	98.92	99.04	98.18	93.45	91.33	96.1	100.0	87.5	97.56	core	core	False
taso	424.0	12.0	6.0	4.0	100.0	97.31	98.15	98.78	96.55	99.29	99.44	90.0	94.22	99.26	90.0	98.67	core	core	False
nasin	430.0	18.0	4.0	4.0	99.0	97.22	99.1	99.35	98.4	98.18	93.45	90.0	96.45	98.92	87.5	97.41	core	core	False
kepeken	418.0	15.0	5.0	4.0	99.0	97.21	98.99	98.36	98.25	98.04	96.3	90.28	95.19	100.0	90.0	97.88	core	core	False
kasi	419.0	13.0	3.0	6.0	100.0	97.2	99.07	99.53	98.79	94.64	94.83	90.0	96.77	99.31	90.0	97.76	core	core	False
tan	430.0	17.0	5.0	4.0	100.0	97.15	99.1	98.92	97.44	98.18	95.83	90.0	95.39	99.46	83.33	97.72	core	core	False
waso	392.0	18.0	6.0	2.0	99.0	97.13	98.92	99.51	97.48	99.33	92.81	90.37	97.35	99.29	86.67	96.37	core	core	False
jo	395.0	14.0	5.0	4.0	99.0	97.13	97.85	96.79	97.48	96.67	98.69	95.56	95.45	97.87	90.0	97.31	core	core	False
open	390.0	23.0	1.0	4.0	99.0	97.05	98.92	99.01	98.11	96.67	91.5	94.07	96.21	99.29	100.0	96.21	core	core	False
olin	415.0	25.0	2.0	4.0	99.0	96.94	99.07	96.84	97.13	99.29	95.0	95.33	96.26	98.52	100.0	96.61	core	core	False
awen	413.0	19.0	5.0	4.0	100.0	96.9	99.07	99.53	97.58	94.05	95.4	90.0	95.7	99.31	100.0	97.01	core	core	False
pini	419.0	9.0	7.0	6.0	100.0	96.9	99.07	99.53	97.88	95.83	97.13	84.17	94.98	98.61	90.0	98.65	core	core	False
wan	414.0	16.0	8.0	3.0	100.0	96.9	99.07	98.58	97.88	96.43	94.83	90.0	96.42	99.31	86.67	97.76	core	core	False
kili	422.0	28.0	2.0	4.0	99.0	96.78	98.2	98.92	97.76	96.97	91.07	93.33	96.45	98.39	83.33	97.11	core	core	False
sama	390.0	20.0	3.0	5.0	99.0	96.73	98.92	99.26	98.43	98.67	93.46	85.19	94.32	96.45	86.67	97.95	core	core	False
lawa	425.0	22.0	4.0	5.0	100.0	96.71	99.1	98.92	98.4	98.18	92.86	87.33	93.62	98.92	83.33	97.56	core	core	False
kiwen	414.0	25.0	2.0	5.0	99.0	96.71	99.07	97.81	95.98	100.0	96.11	91.33	94.9	97.78	90.0	97.35	core	core	False
utala	425.0	21.0	5.0	5.0	99.0	96.64	99.1	98.7	96.79	98.79	92.86	90.0	94.33	99.46	83.33	97.41	core	core	False
seli	408.0	24.0	8.0	2.0	100.0	96.53	98.99	98.59	97.08	98.04	93.83	88.89	94.5	99.33	90.0	96.82	core	core	False
sewi	407.0	26.0	3.0	5.0	99.0	96.45	99.07	99.29	97.58	94.64	95.98	84.17	95.7	98.61	90.0	97.01	core	core	False
sin	425.0	18.0	8.0	5.0	100.0	96.42	99.1	98.92	97.44	96.97	93.45	87.33	94.68	97.31	87.5	96.96	core	core	False
nanpa	386.0	23.0	5.0	4.0	99.0	96.41	98.92	98.77	96.23	97.33	92.81	91.11	95.45	97.16	93.33	95.89	core	core	False
weka	424.0	20.0	6.0	6.0	99.0	96.35	98.2	98.7	98.72	97.58	90.48	88.0	92.55	100.0	87.5	97.26	core	core	False
moli	410.0	19.0	6.0	6.0	100.0	96.3	99.07	99.29	97.58	93.45	95.98	84.17	95.34	98.61	90.0	97.01	core	core	False
insa	409.0	21.0	7.0	5.0	100.0	96.23	98.99	98.83	97.95	96.73	91.36	87.5	93.13	99.33	90.0	96.97	core	core	False
linja	419.0	27.0	5.0	5.0	99.0	96.2	99.1	98.92	98.08	94.55	88.69	92.0	94.68	96.77	91.67	96.5	core	core	False
sike	404.0	27.0	8.0	3.0	99.0	96.08	97.98	98.12	97.08	98.04	93.83	86.81	92.78	98.67	83.33	97.27	core	core	False
mama	378.0	32.0	5.0	3.0	99.0	95.93	98.92	97.28	96.54	97.33	92.81	90.37	93.18	99.29	86.67	95.89	core	core	False
kala	410.0	17.0	6.0	9.0	99.0	95.78	98.99	98.59	95.91	98.69	88.27	90.28	93.81	98.67	83.33	96.82	core	core	False
kon	381.0	26.0	6.0	5.0	99.0	95.77	98.92	99.51	96.86	97.33	92.16	82.22	94.7	95.74	90.0	96.21	core	core	False
pimeja	405.0	31.0	4.0	6.0	99.0	95.74	99.07	98.05	94.83	98.58	92.22	90.67	93.88	100.0	86.67	95.28	core	core	False
kute	410.0	23.0	4.0	9.0	99.0	95.67	99.07	98.05	94.54	98.58	93.89	88.67	92.18	96.3	90.0	97.05	core	core	False
alasa	378.0	30.0	4.0	6.0	99.0	95.53	98.92	98.27	97.17	96.67	92.81	82.96	95.45	96.45	86.67	95.42	core	core	False
tu	400.0	27.0	8.0	6.0	100.0	95.39	99.07	97.16	96.97	95.24	91.38	87.5	93.19	98.61	96.67	95.67	core	core	False
pipi	375.0	31.0	7.0	5.0	99.0	95.22	98.92	97.78	95.6	98.0	92.16	84.44	93.94	95.74	86.67	95.1	core	core	False
poka	393.0	37.0	6.0	6.0	99.0	94.95	98.99	98.12	96.78	90.85	90.12	88.19	91.07	99.33	86.67	95.3	core	core	False
mun	411.0	28.0	9.0	8.0	99.0	94.88	98.2	98.05	97.44	95.76	83.93	88.67	92.2	97.31	87.5	95.28	core	core	False
jelo	394.0	32.0	8.0	7.0	99.0	94.78	99.07	98.58	96.36	92.26	91.38	81.67	92.47	98.61	90.0	95.52	core	core	False
len	405.0	20.0	13.0	8.0	99.0	94.77	99.07	97.08	95.11	98.58	91.67	84.67	91.5	97.78	86.67	95.43	core	core	False
ale	821.0	38.0	22.0	20.0	94.0	94.75	94.36	96.19	96.59	95.8	91.59	89.0	93.42	97.5	91.67	94.53	core	core	False
anu	401.0	25.0	13.0	7.0	99.0	94.62	96.3	96.11	95.11	98.58	92.78	86.67	91.16	98.52	86.67	95.13	core	core	False
jaki	401.0	43.0	5.0	7.0	99.0	94.59	98.2	96.75	96.47	93.33	88.69	89.33	91.49	96.77	83.33	95.13	core	core	False
poki	408.0	31.0	8.0	9.0	99.0	94.59	99.1	96.97	95.83	95.76	88.69	86.67	92.55	97.85	83.33	94.67	core	core	False
uta	390.0	37.0	9.0	6.0	99.0	94.49	98.99	97.89	95.03	96.08	88.27	85.42	92.1	98.67	83.33	95.15	core	core	False
lete	394.0	32.0	4.0	11.0	99.0	94.48	99.07	98.82	94.55	93.45	90.23	82.5	92.83	98.61	86.67	95.22	core	core	False
laso	389.0	37.0	10.0	6.0	99.0	94.34	97.98	96.95	95.32	96.73	91.36	82.64	90.72	98.67	86.67	94.55	core	core	False
loje	393.0	30.0	8.0	10.0	99.0	94.26	99.07	98.35	94.55	91.07	91.38	83.33	92.11	98.61	86.67	95.22	core	core	False
anpa	390.0	36.0	7.0	9.0	99.0	94.19	98.99	97.89	95.32	96.08	90.12	79.86	90.72	98.67	86.67	94.7	core	core	False
akesi	388.0	44.0	6.0	8.0	99.0	94.02	99.07	97.57	93.68	94.33	91.11	84.67	91.16	97.78	83.33	94.25	core	core	False
en	384.0	42.0	10.0	6.0	99.0	93.97	97.98	95.31	95.61	94.77	91.36	85.42	93.81	98.0	86.67	93.48	core	core	False
kule	385.0	39.0	8.0	10.0	99.0	93.59	97.98	97.42	95.32	94.77	88.89	79.17	87.63	98.67	86.67	95.3	core	core	False
palisa	391.0	35.0	9.0	11.0	99.0	93.57	99.07	96.84	93.1	96.45	91.11	82.0	91.84	97.78	86.67	92.92	core	core	False
walo	393.0	30.0	12.0	11.0	99.0	93.5	99.07	97.81	91.67	97.16	87.22	86.0	91.16	97.78	83.33	93.95	core	core	False
sijelo	365.0	33.0	11.0	9.0	99.0	93.46	98.92	96.54	94.65	95.33	90.85	78.52	92.05	95.04	86.67	93.21	core	core	False
ko	381.0	40.0	9.0	11.0	99.0	93.12	99.07	97.64	95.45	91.67	87.36	75.83	91.76	96.53	83.33	93.87	core	core	False
pan	377.0	44.0	11.0	9.0	98.0	92.97	98.15	95.98	93.64	88.69	89.08	87.5	88.89	98.61	83.33	93.72	core	core	False
noka	372.0	53.0	5.0	12.0	99.0	92.53	98.99	95.31	94.44	95.42	84.57	81.25	88.32	96.67	83.33	93.18	core	core	False
supa	355.0	42.0	10.0	11.0	99.0	92.42	97.85	97.78	94.34	94.0	81.7	78.52	92.42	97.16	80.0	90.68	core	core	False
mani	365.0	57.0	13.0	7.0	98.0	92.16	96.97	94.6	92.69	95.42	87.04	82.64	87.63	96.67	86.67	93.33	core	core	False
esun	372.0	65.0	10.0	9.0	99.0	91.81	96.4	95.67	94.23	94.55	79.76	82.0	89.01	93.01	75.0	91.78	core	core	False
lupa	374.0	42.0	14.0	16.0	99.0	91.18	98.15	94.65	89.94	95.74	86.11	81.33	85.37	96.3	86.67	91.15	core	core	False
nena	364.0	54.0	14.0	14.0	99.0	90.73	99.07	95.13	88.79	96.45	87.22	76.0	85.37	96.3	83.33	91.0	core	core	False
monsi	333.0	60.0	8.0	17.0	99.0	89.87	97.85	94.57	91.19	90.67	81.7	75.56	87.5	95.74	83.33	88.15	core	core	False
sinpin	357.0	49.0	19.0	16.0	99.0	89.8	98.15	96.22	89.7	83.93	83.33	77.5	84.59	95.14	90.0	90.43	core	core	False
mu	345.0	64.0	19.0	14.0	99.0	89.14	95.96	91.31	90.94	85.62	86.42	80.56	79.38	95.33	90.0	90.91	core	core	False
selo	362.0	59.0	15.0	20.0	98.0	89.11	96.4	94.16	90.71	88.48	81.55	74.0	85.46	93.01	79.17	89.65	core	core	False
kin	699.0	105.0	45.0	52.0	86.0	87.01	94.87	90.89	89.19	87.69	76.88	76.33	81.69	96.94	79.17	86.99	common	core	True
unpa	319.0	51.0	32.0	16.0	98.0	87.0	96.77	91.6	88.05	88.0	82.35	68.15	82.2	90.07	83.33	86.57	core	core	False
monsuta	668.0	140.0	54.0	39.0	85.0	86.5	82.05	88.93	86.67	87.39	85.29	82.33	86.21	88.61	89.58	86.78	common	core	True
meli	545.0	200.0	110.0	46.0	82.0	79.36	88.72	78.89	81.63	79.28	75.38	74.0	76.13	78.89	79.17	80.53	common	common	False
mije	539.0	205.0	109.0	48.0	81.0	79.02	87.18	78.78	80.74	79.58	75.38	74.0	75.72	78.61	81.25	80.31	common	common	False
tonsi	499.0	239.0	97.0	66.0	79.0	76.66	80.51	85.24	75.85	73.27	68.77	63.67	71.6	78.33	72.92	79.18	common	common	False
n	533.0	177.0	74.0	117.0	74.0	74.99	68.72	80.39	75.41	80.78	65.17	67.0	69.96	80.28	79.17	77.11	common	common	False
namako	514.0	199.0	67.0	121.0	73.0	74.25	80.51	79.93	73.04	77.18	63.66	65.0	68.93	83.61	60.42	74.2	common	common	False
leko	509.0	177.0	83.0	132.0	71.0	72.66	76.92	74.16	74.81	79.28	63.96	63.0	67.49	81.11	56.25	73.06	common	common	False
kipisi	492.0	188.0	102.0	119.0	71.0	72.29	75.9	72.43	73.33	77.18	68.47	66.0	72.43	75.56	66.67	73.35	common	common	False
kijetesantakalu	449.0	239.0	111.0	102.0	76.0	71.62	66.15	74.39	72.89	74.47	64.86	68.67	69.55	77.5	75.0	71.64	common	common	False
soko	452.0	194.0	98.0	157.0	66.0	68.15	70.26	73.01	68.3	72.67	54.95	62.0	67.7	76.11	60.42	67.38	common	common	False
misikeke	431.0	207.0	118.0	145.0	64.0	67.52	66.15	70.13	67.7	72.07	67.57	55.33	65.64	68.33	66.67	70.22	common	common	False
pu	161.0	85.0	86.0	109.0	94.0	55.86	75.93	59.34	54.24	48.21	52.3	45.83	48.75	54.86	80.0	59.04	core	uncommon	True
lanpan	330.0	183.0	138.0	250.0	56.0	55.27	51.28	60.55	59.11	57.66	46.55	41.0	54.32	60.28	43.75	56.29	uncommon	uncommon	False
majuna	305.0	180.0	139.0	277.0	51.0	52.31	61.03	56.63	56.0	55.26	42.94	33.0	47.74	58.33	35.42	54.16	uncommon	uncommon	False
meso	261.0	175.0	149.0	316.0	46.0	47.43	54.36	50.87	49.04	52.55	37.24	35.0	40.12	51.94	50.0	49.47	uncommon	uncommon	False
ku	200.0	217.0	183.0	301.0	61.0	45.02	57.44	50.06	46.37	35.44	40.24	35.33	37.45	48.33	43.75	47.76	common	uncommon	True
epiku	218.0	169.0	205.0	309.0	49.0	44.28	36.41	42.68	48.15	41.74	46.85	45.33	47.33	43.89	52.08	43.78	uncommon	uncommon	False
jasima	213.0	182.0	149.0	357.0	42.0	42.62	52.31	48.1	45.19	41.74	30.93	28.67	38.68	43.33	35.42	43.78	uncommon	uncommon	False
nimisin	201.0	178.0	172.0	350.0	44.0	41.84	27.69	38.87	47.41	44.74	45.65	39.67	40.95	40.56	64.58	42.93	uncommon	uncommon	False
oko	207.0	163.0	184.0	347.0	47.0	41.84	56.92	48.1	41.63	37.24	33.93	28.33	39.3	41.67	50.0	41.86	uncommon	uncommon	False
linluwi	206.0	175.0	147.0	373.0	39.0	41.25	46.67	43.48	44.3	44.74	35.74	26.67	43.62	43.61	39.58	41.22	uncommon	uncommon	False
su	109.0	163.0	145.0	484.0	48.0	29.52	29.74	32.64	32.44	24.92	25.53	23.33	24.28	36.39	22.92	31.34	uncommon	uncommon	False
ali	74.0	135.0	198.0	494.0	29.0	25.53	35.9	26.76	19.7	22.22	30.93	26.0	24.49	27.22	31.25	26.37	obscure	obscure	False
usawi	110.0	101.0	61.0	629.0	18.0	21.94	26.67	24.34	23.85	22.52	19.52	9.67	21.19	24.72	8.33	22.39	obscure	obscure	False
kiki	101.0	103.0	54.0	643.0	18.0	20.83	19.49	21.91	21.48	19.52	18.92	20.67	24.9	17.78	22.92	20.33	obscure	obscure	False
wuwojiti	79.0	118.0	77.0	627.0	20.0	20.35	18.46	21.45	21.19	25.23	17.42	14.33	17.7	23.06	10.42	23.03	obscure	obscure	False
omekapo	84.0	105.0	53.0	659.0	15.0	19.05	16.92	20.53	17.63	21.32	22.52	13.0	21.19	22.22	8.33	18.34	obscure	obscure	False
te	85.0	90.0	64.0	662.0	14.0	18.46	11.79	18.34	21.19	24.02	16.22	13.33	19.55	20.56	12.5	18.34	obscure	obscure	False
to	83.0	93.0	55.0	670.0	13.0	18.13	11.28	17.3	21.63	23.42	16.52	13.0	20.16	20.83	12.5	17.48	obscure	obscure	False
kokosila	61.0	104.0	79.0	657.0	19.0	17.39	22.05	18.8	17.04	16.22	16.52	13.33	15.02	19.44	6.25	18.05	obscure	obscure	False
powe	85.0	70.0	67.0	679.0	17.0	17.09	26.15	19.61	17.33	16.82	12.31	9.0	19.14	20.56	12.5	15.71	obscure	obscure	False
nja	74.0	91.0	57.0	679.0	13.0	17.06	6.15	17.65	15.7	21.32	19.82	17.67	17.28	15.56	2.08	18.62	obscure	obscure	False
apeja	71.0	80.0	63.0	687.0	17.0	16.13	25.13	17.99	15.7	16.52	10.51	11.67	20.16	19.72	4.17	14.5	obscure	obscure	False
oke	70.0	71.0	57.0	703.0	15.0	15.13	12.82	15.8	13.48	18.62	14.41	15.33	20.16	16.67	2.08	14.43	obscure	obscure	False
isipin	73.0	61.0	58.0	709.0	14.0	14.76	17.95	12.92	16.59	18.02	12.31	13.0	19.96	9.44	10.42	14.71	obscure	obscure	False
san	61.0	52.0	59.0	729.0	11.0	12.8	13.85	11.65	13.33	14.11	13.51	12.0	16.67	11.39	16.67	11.87	obscure	obscure	False
melome	50.0	70.0	46.0	735.0	8.0	12.43	8.21	10.84	12.15	16.82	15.32	12.33	14.81	13.61	0.0	13.15	obscure	obscure	False
mijomi	48.0	71.0	44.0	738.0	8.0	12.21	9.23	10.5	12.59	15.62	15.02	11.33	15.23	11.39	4.17	12.79	obscure	obscure	False
puwa	50.0	64.0	37.0	750.0	8.0	11.65	7.69	12.11	12.74	15.32	12.01	6.0	11.52	8.61	12.5	12.94	obscure	obscure	False
soto	52.0	43.0	44.0	762.0	8.0	10.58	6.67	9.57	11.7	16.52	10.51	7.0	14.81	6.94	6.25	10.87	obscure	obscure	False
teje	48.0	48.0	45.0	760.0	8.0	10.54	6.15	9.34	12.44	16.52	8.41	8.33	14.81	7.22	6.25	10.66	obscure	obscure	False
wa	53.0	51.0	20.0	777.0	11.0	10.4	10.26	12.69	9.04	11.71	6.31	10.0	15.02	9.72	4.17	9.95	obscure	obscure	False
owe	35.0	64.0	46.0	756.0	10.0	10.32	5.13	11.76	12.0	14.11	6.01	6.33	8.23	14.44	0.0	11.58	obscure	obscure	False
jami	28.0	56.0	46.0	771.0	7.0	8.95	5.13	5.19	8.89	17.12	10.81	11.33	14.61	4.17	8.33	8.96	obscure	obscure	False
kapesi	37.0	44.0	35.0	785.0	7.0	8.66	17.44	6.92	9.78	11.71	6.61	4.33	13.17	7.22	10.42	7.68	obscure	obscure	False
unu	38.0	42.0	35.0	786.0	7.0	8.62	11.79	7.27	8.89	11.11	9.01	6.67	10.49	6.67	12.5	8.6	obscure	obscure	False
kamalawala	21.0	54.0	59.0	767.0	8.0	8.51	8.21	10.03	7.26	8.71	10.51	4.67	7.82	11.11	2.08	8.39	obscure	obscure	False
taki	35.0	40.0	45.0	781.0	6.0	8.51	11.79	9.92	6.81	10.81	4.8	7.67	11.52	8.89	6.25	8.46	obscure	obscure	False
kulijo	31.0	42.0	51.0	777.0	7.0	8.44	8.21	7.73	9.63	8.11	7.81	9.0	9.26	8.33	0.0	9.03	obscure	obscure	False
pake	41.0	32.0	36.0	792.0	6.0	8.25	14.87	8.19	7.85	12.01	5.71	3.67	9.47	10.56	6.25	7.6	obscure	obscure	False
po	42.0	32.0	32.0	795.0	7.0	8.21	8.72	6.81	7.7	9.01	10.81	9.33	9.26	4.44	14.58	8.39	obscure	obscure	False
konwe	28.0	45.0	48.0	780.0	6.0	8.21	4.1	6.57	10.07	9.91	10.21	7.33	13.37	7.78	8.33	7.04	obscure	obscure	False
wekama	31.0	41.0	33.0	796.0	6.0	7.7	4.62	7.15	8.89	11.11	8.41	4.0	7.82	8.33	0.0	8.17	obscure	obscure	False
pika	28.0	47.0	28.0	798.0	6.0	7.62	0.51	7.5	6.22	10.51	12.01	7.67	11.93	3.89	12.5	7.11	obscure	obscure	False
penpo	22.0	49.0	35.0	795.0	7.0	7.36	6.67	8.88	6.81	12.31	4.8	2.0	4.12	10.83	0.0	9.31	obscure	obscure	False
wasoweli	12.0	52.0	58.0	779.0	7.0	7.33	4.1	4.61	8.15	9.61	8.71	11.33	9.88	5.83	6.25	6.33	obscure	obscure	False
misa	27.0	35.0	41.0	798.0	6.0	7.1	8.21	6.0	5.93	11.41	9.91	4.33	8.64	2.5	4.17	7.75	obscure	obscure	False
ojuta	23.0	44.0	32.0	802.0	7.0	6.99	3.59	8.77	6.96	8.41	3.9	6.0	6.38	7.78	0.0	7.75	obscure	obscure	False
yupekosi	13.0	47.0	54.0	787.0	9.0	6.92	7.18	7.96	6.67	6.91	5.11	6.33	8.85	5.56	6.25	7.32	obscure	obscure	False
sutopatikuna	16.0	42.0	38.0	805.0	5.0	6.29	4.1	7.04	4.15	4.5	10.51	7.67	7.61	7.22	4.17	5.9	obscure	obscure	False
kisa	30.0	24.0	25.0	822.0	4.0	6.03	3.59	5.54	6.07	11.11	6.01	3.33	4.53	5.83	4.17	7.25	sandbox	obscure	True
mulapisu	17.0	20.0	22.0	842.0	4.0	4.18	6.15	5.31	3.41	4.8	2.4	2.67	5.14	3.33	0.0	4.12	sandbox	sandbox	False
eliki	20.0	16.0	14.0	851.0	4.0	3.92	6.67	4.73	4.3	3.6	1.2	2.33	3.29	7.22	2.08	3.77	sandbox	sandbox	False
Pingo	14.0	20.0	24.0	843.0	3.0	3.92	7.18	4.38	2.67	4.8	3.3	3.0	4.32	2.5	2.08	4.26	sandbox	sandbox	False
alu	14.0	18.0	17.0	852.0	3.0	3.51	2.56	4.27	3.26	6.01	2.4	1.0	2.47	3.61	4.17	4.19	sandbox	sandbox	False
pata	13.0	14.0	15.0	859.0	2.0	3.03	7.69	2.54	2.67	4.2	2.1	2.0	6.17	3.33	0.0	2.27	sandbox	sandbox	False
jonke	10.0	15.0	18.0	858.0	3.0	2.89	2.56	3.0	2.37	4.2	3.6	1.67	2.26	2.22	0.0	3.55	sandbox	sandbox	False
lonsi	6.0	19.0	16.0	860.0	3.0	2.66	1.03	3.69	2.07	4.5	1.2	1.67	2.67	5.83	0.0	2.13	sandbox	sandbox	False
pakola	5.0	17.0	23.0	856.0	4.0	2.66	1.54	3.11	0.74	6.01	4.2	1.0	2.47	3.61	0.0	2.42	sandbox	sandbox	False
kan	7.0	12.0	16.0	866.0	2.0	2.26	6.67	1.5	2.37	3.3	0.9	1.67	4.94	3.33	6.25	1.42	sandbox	sandbox	False
juna	9.0	12.0	9.0	871.0	3.0	2.22	2.05	2.88	1.63	3.6	0.6	2.0	3.7	1.94	0.0	1.78	sandbox	sandbox	False
pa	4.0	14.0	6.0	877.0	1.0	1.7	1.03	1.61	1.33	2.1	2.1	2.33	3.09	4.44	0.0	1.07	sandbox	sandbox	False
poni	7.0	6.0	12.0	876.0	1.0	1.66	1.54	2.54	1.19	2.4	0.3	1.0	1.03	1.67	0.0	2.06	sandbox	sandbox	False
ta	7.0	3.0	5.0	886.0	1.0	1.18	1.54	1.85	1.19	0.6	0.0	1.0	2.06	1.39	0.0	1.21	sandbox	sandbox	False
ki	3.0	7.0	6.0	885.0	1.0	1.07	2.05	0.92	1.33	0.3	2.1	0.0	0.82	0.0	0.0	1.28	sandbox	sandbox	False
lo	3.0	3.0	10.0	885.0	1.0	0.92	1.03	0.81	0.44	1.5	1.2	1.33	2.26	0.28	0.0	0.71	sandbox	sandbox	False
kapo	1.0	0.0	2.0	898.0	0.0	0.18	1.54	0.0	0.0	0.0	0.3	0.33	1.03	0.0	0.0	0.0	sandbox	sandbox	False
jalate	0.0	0.0	0.0	901.0		0.0	0.0	0.0	0.0	0.0	0.0	0.0	0.0	0.0	0.0	0.0	sandbox	sandbox	False
anake					0.0												sandbox	sandbox	False
