	use: yes	use: mostly yes	use: mostly no	use: no	2024	2025	time: > 5 years	time: 2-5 years	time: 1-2 years	time: 6-12 months	time: 3-6 months	time: 0-3 months	dict-readers	sunoers	redditors	discorders	2024_cat	2025_cat	cat_changed
li	969.0	1.0	0.0	1.0	100.0	99.86	100.0	100.0	100.0	100.0	99.76	99.13	100.0	100.0	100.0	99.71	core	core	False
mi	969.0	1.0	0.0	1.0	99.89	99.86	100.0	100.0	100.0	100.0	99.76	99.13	100.0	100.0	100.0	99.71	core	core	False
ike	969.0	1.0	0.0	1.0	99.96	99.86	100.0	100.0	100.0	100.0	99.76	99.13	100.0	100.0	100.0	99.71	core	core	False
toki	969.0	1.0	0.0	1.0	100.0	99.86	100.0	100.0	100.0	100.0	99.76	99.13	100.0	100.0	100.0	99.71	core	core	False
ala	969.0	1.0	0.0	1.0	99.93	99.86	100.0	100.0	100.0	100.0	99.76	99.13	100.0	100.0	100.0	99.71	core	core	False
pali	968.0	2.0	0.0	1.0	99.82	99.83	100.0	100.0	100.0	100.0	99.76	98.84	100.0	99.68	100.0	99.71	core	core	False
sona	968.0	2.0	0.0	1.0	100.0	99.83	100.0	100.0	100.0	100.0	99.76	98.84	100.0	100.0	100.0	99.64	core	core	False
wile	968.0	2.0	0.0	1.0	99.93	99.83	100.0	100.0	100.0	100.0	99.76	98.84	100.0	100.0	100.0	99.64	core	core	False
e	968.0	2.0	0.0	1.0	99.96	99.83	100.0	100.0	100.0	100.0	99.76	98.84	100.0	99.68	100.0	99.71	core	core	False
pona	968.0	2.0	0.0	1.0	100.0	99.83	100.0	100.0	100.0	100.0	99.76	98.84	100.0	99.68	100.0	99.71	core	core	False
moku	967.0	3.0	0.0	1.0	100.0	99.79	100.0	100.0	100.0	99.81	99.76	98.84	99.8	100.0	100.0	99.64	core	core	False
wawa	967.0	3.0	0.0	1.0	99.89	99.79	100.0	99.87	100.0	99.43	99.76	99.71	99.8	99.68	100.0	99.71	core	core	False
lili	967.0	2.0	1.0	1.0	99.96	99.76	100.0	100.0	100.0	99.62	99.76	98.84	100.0	100.0	100.0	99.5	core	core	False
mute	966.0	4.0	0.0	1.0	99.96	99.76	100.0	99.87	100.0	100.0	99.76	98.55	100.0	99.36	100.0	99.64	core	core	False
ken	968.0	1.0	0.0	2.0	99.89	99.76	100.0	100.0	100.0	99.43	99.76	99.13	100.0	100.0	100.0	99.5	core	core	False
pakala	967.0	2.0	1.0	1.0	99.93	99.76	100.0	100.0	100.0	99.62	99.76	98.84	100.0	99.68	100.0	99.57	core	core	False
tawa	966.0	4.0	0.0	1.0	99.96	99.76	100.0	100.0	100.0	99.81	99.76	98.55	100.0	99.68	100.0	99.57	core	core	False
sitelen	966.0	4.0	0.0	1.0	99.89	99.76	100.0	100.0	100.0	99.81	99.52	98.84	100.0	100.0	100.0	99.57	core	core	False
sina	967.0	2.0	0.0	2.0	100.0	99.73	100.0	100.0	100.0	99.43	99.76	98.84	100.0	99.68	100.0	99.5	core	core	False
lon	965.0	5.0	0.0	1.0	100.0	99.73	100.0	99.87	100.0	99.81	99.76	98.55	99.8	99.68	100.0	99.57	core	core	False
pilin	965.0	5.0	0.0	1.0	99.82	99.73	100.0	99.87	100.0	99.62	99.76	98.84	99.8	100.0	100.0	99.5	core	core	False
seme	967.0	2.0	0.0	2.0	99.89	99.73	100.0	100.0	100.0	100.0	99.76	97.97	100.0	99.68	100.0	99.5	core	core	False
moli	967.0	2.0	0.0	2.0	99.85	99.73	100.0	100.0	100.0	100.0	99.76	97.97	100.0	99.68	100.0	99.5	core	core	False
ilo	967.0	2.0	0.0	2.0	99.96	99.73	100.0	100.0	100.0	99.81	99.28	98.84	100.0	99.68	100.0	99.5	core	core	False
o	966.0	2.0	2.0	1.0	99.93	99.69	100.0	100.0	100.0	100.0	99.03	98.55	100.0	99.68	100.0	99.57	core	core	False
tenpo	966.0	2.0	2.0	1.0	99.96	99.69	100.0	99.87	100.0	99.62	99.76	98.55	99.8	100.0	100.0	99.57	core	core	False
suli	966.0	3.0	0.0	2.0	100.0	99.69	100.0	100.0	100.0	99.43	99.76	98.55	100.0	99.68	100.0	99.43	core	core	False
nimi	966.0	2.0	1.0	2.0	100.0	99.66	100.0	100.0	100.0	99.81	98.79	98.84	100.0	100.0	100.0	99.43	core	core	False
ma	967.0	0.0	2.0	2.0	99.89	99.66	100.0	100.0	100.0	99.43	99.03	99.13	100.0	100.0	100.0	99.43	core	core	False
kasi	965.0	3.0	2.0	1.0	99.75	99.66	100.0	100.0	99.87	99.43	99.76	98.55	100.0	100.0	99.24	99.5	core	core	False
ona	967.0	1.0	0.0	3.0	99.78	99.66	100.0	100.0	100.0	99.43	99.28	98.84	100.0	99.68	100.0	99.35	core	core	False
kulupu	965.0	4.0	0.0	2.0	99.85	99.66	100.0	99.87	100.0	99.81	99.03	98.84	100.0	100.0	100.0	99.57	core	core	False
kama	964.0	5.0	1.0	1.0	99.93	99.66	100.0	100.0	100.0	99.62	99.76	97.97	100.0	99.68	99.24	99.5	core	core	False
suno	964.0	5.0	1.0	1.0	99.89	99.66	100.0	99.87	100.0	99.62	99.52	98.55	99.8	99.36	100.0	99.5	core	core	False
musi	965.0	3.0	2.0	1.0	99.96	99.66	100.0	100.0	100.0	100.0	99.28	97.97	100.0	99.68	100.0	99.64	core	core	False
awen	965.0	3.0	2.0	1.0	99.64	99.66	100.0	100.0	100.0	99.81	99.03	98.55	99.8	99.04	100.0	99.57	core	core	False
lawa	964.0	5.0	0.0	2.0	99.75	99.62	100.0	99.87	100.0	99.62	99.76	97.97	99.8	99.68	100.0	99.35	core	core	False
kalama	964.0	4.0	2.0	1.0	99.67	99.62	100.0	100.0	100.0	99.05	99.76	98.55	100.0	99.68	100.0	99.43	core	core	False
wan	964.0	4.0	2.0	1.0	99.89	99.62	100.0	99.87	99.73	99.62	99.52	98.84	99.8	100.0	100.0	99.5	core	core	False
tomo	964.0	5.0	0.0	2.0	99.82	99.62	100.0	99.73	100.0	99.81	99.52	98.26	99.6	99.36	100.0	99.71	core	core	False
ni	966.0	1.0	2.0	2.0	100.0	99.62	100.0	100.0	100.0	100.0	99.03	97.97	100.0	100.0	100.0	99.43	core	core	False
la	964.0	4.0	1.0	2.0	99.93	99.59	100.0	100.0	100.0	98.86	99.76	98.55	99.6	99.68	100.0	99.35	core	core	False
sin	965.0	3.0	0.0	3.0	99.93	99.59	100.0	100.0	100.0	99.24	99.76	97.97	99.8	99.68	100.0	99.28	core	core	False
soweli	963.0	5.0	2.0	1.0	99.93	99.59	100.0	99.6	100.0	99.43	99.76	98.55	99.6	99.04	100.0	99.5	core	core	False
jan	964.0	4.0	1.0	2.0	99.78	99.59	100.0	99.47	100.0	99.43	99.52	99.13	100.0	100.0	100.0	99.35	core	core	False
suwi	963.0	5.0	2.0	1.0	99.67	99.59	100.0	100.0	99.87	99.43	99.03	98.84	99.8	99.04	99.62	99.57	core	core	False
nasa	964.0	4.0	1.0	2.0	99.82	99.59	100.0	99.87	100.0	99.43	99.76	97.97	99.6	99.68	100.0	99.43	core	core	False
telo	964.0	4.0	1.0	2.0	99.89	99.59	100.0	100.0	100.0	99.62	98.79	98.55	99.39	99.36	100.0	99.5	core	core	False
tan	964.0	4.0	1.0	2.0	99.64	99.59	100.0	100.0	100.0	99.24	99.28	98.55	99.6	99.68	100.0	99.35	core	core	False
taso	964.0	3.0	2.0	2.0	99.89	99.55	100.0	100.0	100.0	99.43	99.28	97.97	99.6	99.68	100.0	99.28	core	core	False
ijo	964.0	3.0	2.0	2.0	99.85	99.55	100.0	99.87	100.0	99.43	99.28	98.26	100.0	99.68	100.0	99.28	core	core	False
lipu	964.0	4.0	0.0	3.0	99.93	99.55	100.0	99.87	100.0	99.43	99.52	97.97	99.8	99.68	100.0	99.28	core	core	False
pini	964.0	4.0	0.0	3.0	99.82	99.55	100.0	99.87	100.0	99.24	99.76	97.97	100.0	99.68	100.0	99.14	core	core	False
lukin	963.0	3.0	4.0	1.0	99.09	99.52	100.0	99.6	100.0	98.86	99.76	98.84	100.0	99.68	100.0	99.07	core	core	False
luka	962.0	6.0	1.0	2.0	99.82	99.52	100.0	100.0	100.0	99.24	99.28	97.97	99.6	99.36	100.0	99.28	core	core	False
tu	962.0	6.0	1.0	2.0	99.6	99.52	100.0	99.73	99.6	99.43	99.52	98.84	99.8	99.04	100.0	99.5	core	core	False
insa	964.0	3.0	1.0	3.0	99.64	99.52	100.0	100.0	100.0	99.62	99.03	97.68	99.39	99.68	100.0	99.35	core	core	False
ante	963.0	4.0	2.0	2.0	99.64	99.52	100.0	100.0	100.0	99.43	99.03	97.97	100.0	99.36	100.0	99.21	core	core	False
seli	963.0	5.0	0.0	3.0	99.6	99.52	100.0	99.87	100.0	99.43	98.79	98.55	99.8	98.72	99.62	99.43	core	core	False
lape	963.0	5.0	0.0	3.0	99.96	99.52	100.0	99.6	100.0	99.81	98.79	98.55	99.19	99.36	98.86	99.64	core	core	False
a	960.0	9.0	0.0	2.0	99.64	99.49	97.78	99.87	99.87	99.81	99.28	98.26	99.6	99.36	98.11	99.64	core	core	False
kiwen	963.0	4.0	1.0	3.0	99.75	99.49	100.0	100.0	100.0	99.24	99.03	97.97	100.0	99.04	100.0	99.14	core	core	False
pi	961.0	7.0	1.0	2.0	99.78	99.49	99.26	100.0	99.87	99.43	99.28	97.97	99.6	99.36	100.0	99.28	core	core	False
sama	963.0	4.0	0.0	4.0	99.75	99.45	100.0	100.0	100.0	99.24	98.31	98.55	99.8	99.36	100.0	99.28	core	core	False
waso	960.0	8.0	1.0	2.0	99.6	99.45	100.0	99.73	100.0	99.43	99.03	97.97	99.6	99.04	99.62	99.28	core	core	False
kala	960.0	8.0	1.0	2.0	99.49	99.45	100.0	99.73	100.0	99.24	99.52	97.68	99.8	99.36	99.62	99.14	core	core	False
mama	960.0	7.0	2.0	2.0	99.75	99.42	100.0	99.87	99.87	98.67	99.52	98.26	99.8	99.04	99.24	99.28	core	core	False
olin	961.0	6.0	1.0	3.0	99.67	99.42	100.0	99.73	99.6	98.86	99.76	98.55	99.8	99.68	100.0	99.21	core	core	False
utala	962.0	4.0	2.0	3.0	99.53	99.42	100.0	99.73	100.0	99.43	98.31	98.55	100.0	98.72	100.0	99.28	core	core	False
kili	960.0	5.0	5.0	1.0	99.78	99.38	100.0	100.0	99.6	98.86	99.03	98.55	99.19	99.68	99.24	99.5	core	core	False
nasin	962.0	4.0	1.0	4.0	99.82	99.38	100.0	100.0	100.0	99.05	99.03	97.39	100.0	99.36	99.24	99.0	core	core	False
open	959.0	8.0	1.0	3.0	99.56	99.35	100.0	99.6	100.0	99.43	99.03	97.39	98.99	99.68	100.0	99.07	core	core	False
sewi	960.0	6.0	2.0	3.0	99.6	99.35	100.0	99.87	100.0	98.86	98.31	98.55	99.8	99.04	100.0	99.14	core	core	False
jelo	959.0	7.0	3.0	2.0	99.67	99.35	100.0	99.6	100.0	100.0	98.07	97.68	99.8	99.04	98.86	99.43	core	core	False
kute	961.0	4.0	2.0	4.0	99.64	99.31	100.0	100.0	99.87	99.24	98.07	97.97	99.19	99.68	99.24	99.14	core	core	False
nanpa	961.0	4.0	1.0	5.0	99.75	99.28	100.0	100.0	99.6	99.24	98.55	97.68	99.8	99.68	100.0	99.07	core	core	False
alasa	955.0	13.0	1.0	2.0	99.27	99.28	99.26	99.6	99.87	99.24	99.52	97.1	99.39	98.4	99.62	99.35	core	core	False
loje	958.0	8.0	2.0	3.0	99.71	99.28	100.0	99.6	99.73	99.62	98.55	97.68	100.0	99.04	99.62	99.14	core	core	False
kule	959.0	7.0	1.0	4.0	99.46	99.28	100.0	100.0	99.87	99.24	97.83	97.97	99.8	99.04	99.62	99.14	core	core	False
laso	959.0	7.0	1.0	4.0	99.64	99.28	100.0	99.2	100.0	99.62	98.07	98.55	100.0	98.72	98.48	99.35	core	core	False
kepeken	958.0	7.0	3.0	3.0	99.46	99.24	100.0	99.47	99.33	99.24	99.52	97.97	100.0	99.36	99.24	98.92	core	core	False
pipi	958.0	7.0	3.0	3.0	99.49	99.24	100.0	99.87	100.0	98.29	98.31	98.55	99.6	98.72	99.24	99.0	core	core	False
weka	958.0	8.0	1.0	4.0	99.56	99.24	100.0	99.87	99.87	99.24	98.07	97.68	98.99	99.36	98.86	99.21	core	core	False
linja	956.0	10.0	2.0	3.0	99.82	99.21	100.0	99.73	99.87	99.24	98.55	97.1	99.8	98.4	99.62	99.0	core	core	False
mun	959.0	6.0	1.0	5.0	99.13	99.21	100.0	99.47	100.0	99.43	98.55	97.1	99.39	98.72	100.0	99.07	core	core	False
pimeja	960.0	4.0	2.0	5.0	99.67	99.21	100.0	100.0	99.73	99.62	97.83	97.1	99.39	98.4	99.24	99.14	core	core	False
pana	960.0	3.0	3.0	5.0	99.85	99.18	98.52	100.0	99.6	99.24	98.07	97.97	99.6	99.04	99.24	99.21	core	core	False
jaki	956.0	8.0	5.0	2.0	99.53	99.18	100.0	99.47	100.0	98.48	98.55	98.26	99.6	99.04	100.0	98.78	core	core	False
akesi	953.0	13.0	3.0	2.0	99.09	99.14	100.0	99.6	100.0	98.86	98.55	97.1	99.6	98.4	99.62	98.92	core	core	False
sike	958.0	6.0	2.0	5.0	99.85	99.14	100.0	99.87	100.0	99.05	98.07	96.81	98.79	99.04	99.62	99.14	core	core	False
walo	958.0	6.0	2.0	5.0	99.49	99.14	100.0	99.6	99.87	99.62	97.1	97.97	99.39	98.72	99.62	98.92	core	core	False
lete	957.0	7.0	1.0	6.0	99.35	99.07	100.0	100.0	99.46	98.86	97.58	97.97	99.39	98.72	99.62	98.85	core	core	False
kon	957.0	7.0	1.0	6.0	99.31	99.07	100.0	99.73	100.0	98.86	98.07	96.81	99.39	98.72	98.86	99.0	core	core	False
anpa	956.0	8.0	2.0	5.0	99.31	99.07	100.0	99.87	99.6	98.67	97.83	97.97	98.99	99.36	99.62	98.92	core	core	False
en	955.0	9.0	2.0	5.0	99.38	99.04	100.0	99.73	99.73	98.1	98.31	97.97	98.79	99.68	100.0	98.78	core	core	False
len	957.0	7.0	0.0	7.0	99.64	99.04	100.0	99.87	100.0	98.86	96.86	97.68	98.99	98.72	99.62	98.92	core	core	False
anu	954.0	9.0	5.0	3.0	99.46	99.04	99.26	99.07	99.73	99.24	99.03	97.1	99.39	99.36	100.0	98.78	core	core	False
palisa	954.0	8.0	4.0	5.0	99.71	98.94	100.0	99.6	100.0	98.86	97.1	97.1	99.19	98.08	100.0	98.57	core	core	False
poka	956.0	6.0	2.0	7.0	99.35	98.94	100.0	99.73	99.87	99.05	96.62	97.39	98.79	98.72	98.86	99.0	core	core	False
poki	952.0	11.0	4.0	4.0	99.49	98.94	98.52	99.6	100.0	98.67	97.83	97.1	98.59	99.04	98.48	98.78	core	core	False
noka	954.0	7.0	5.0	5.0	99.38	98.9	100.0	99.6	99.6	98.67	97.1	97.97	99.39	98.72	99.24	98.71	core	core	False
uta	954.0	8.0	3.0	6.0	99.06	98.9	100.0	99.2	100.0	99.05	98.07	96.23	99.19	97.76	99.24	98.71	core	core	False
sijelo	955.0	7.0	1.0	8.0	99.38	98.87	99.26	100.0	99.6	98.67	96.86	97.39	98.79	98.08	100.0	98.71	core	core	False
esun	949.0	13.0	6.0	3.0	98.66	98.83	100.0	99.07	99.06	99.05	98.31	97.68	99.39	97.12	99.24	98.92	core	core	False
supa	951.0	12.0	1.0	7.0	99.16	98.8	99.26	99.47	99.46	98.86	97.83	96.81	97.78	98.72	99.62	98.92	core	core	False
jo	952.0	7.0	8.0	4.0	99.24	98.8	99.26	98.94	98.92	98.29	99.52	97.97	99.39	99.04	98.86	98.71	core	core	False
ko	952.0	9.0	4.0	6.0	99.46	98.8	100.0	99.07	99.6	99.24	97.83	96.52	99.6	98.08	98.48	99.07	core	core	False
sinpin	951.0	12.0	0.0	8.0	99.09	98.76	100.0	99.73	99.87	98.48	96.14	97.39	97.98	98.4	100.0	98.78	core	core	False
nena	949.0	13.0	2.0	7.0	98.69	98.7	99.26	99.34	99.6	98.86	96.62	97.39	98.99	98.4	98.86	98.49	core	core	False
monsi	949.0	13.0	1.0	8.0	98.58	98.66	99.26	99.6	99.6	97.52	97.83	97.1	97.98	99.68	100.0	98.42	core	core	False
mu	949.0	9.0	5.0	8.0	98.47	98.52	99.26	98.8	99.73	98.29	98.07	95.94	98.18	99.04	99.24	98.14	core	core	False
lupa	950.0	8.0	4.0	9.0	99.38	98.52	100.0	100.0	99.19	97.71	95.65	97.97	98.99	98.08	99.24	98.14	core	core	False
selo	946.0	14.0	2.0	9.0	98.73	98.46	100.0	99.2	99.6	97.9	96.14	97.39	97.78	98.08	98.86	98.42	core	core	False
mani	948.0	7.0	10.0	6.0	98.98	98.46	100.0	98.67	99.6	98.67	97.58	95.65	98.99	98.4	98.48	98.06	core	core	False
pan	947.0	9.0	8.0	7.0	99.31	98.42	100.0	99.07	99.6	98.1	96.62	96.52	98.59	98.4	98.86	97.99	core	core	False
unpa	937.0	7.0	17.0	10.0	98.4	97.56	97.78	98.54	97.17	96.95	97.34	97.39	97.37	97.12	98.86	96.92	core	core	False
ale	864.0	53.0	36.0	18.0	92.74	93.86	89.63	93.63	95.01	95.24	93.24	92.17	93.54	97.12	90.91	93.98	core	core	False
pu	887.0	21.0	27.0	36.0	95.17	93.72	95.56	92.56	94.74	91.81	95.65	93.91	92.53	92.95	98.48	93.48	core	core	False
kin	743.0	107.0	52.0	69.0	82.97	85.65	87.41	93.09	88.12	87.81	82.13	64.35	77.98	91.67	83.33	86.74	common	common	False
monsuta	683.0	180.0	55.0	53.0	83.88	84.59	80.0	84.33	90.01	87.05	80.43	76.52	87.47	87.5	84.47	84.16	common	common	False
meli	625.0	204.0	97.0	45.0	82.03	81.7	88.89	84.99	80.84	82.1	80.43	74.49	79.19	80.77	84.85	81.94	common	common	False
mije	623.0	199.0	103.0	46.0	81.63	81.36	88.89	84.86	80.57	81.33	79.47	74.78	78.99	79.81	82.2	82.37	common	common	False
tonsi	599.0	221.0	69.0	82.0	82.06	79.23	85.93	86.85	81.65	77.71	71.01	66.96	75.76	84.62	67.8	82.01	common	common	False
kijetesantakalu	554.0	225.0	89.0	103.0	74.66	75.56	57.78	78.35	81.51	79.05	71.01	63.77	71.31	82.05	72.35	77.99	common	common	False
n	554.0	202.0	77.0	138.0	73.42	73.57	64.44	79.81	77.73	72.57	67.87	62.9	72.93	82.69	62.12	74.48	common	common	False
namako	524.0	238.0	85.0	124.0	72.11	73.22	76.3	75.83	76.65	76.95	66.18	61.74	67.47	80.13	74.62	73.12	common	common	False
kipisi	508.0	217.0	113.0	133.0	71.46	71.1	74.81	72.78	76.25	71.43	67.39	58.84	70.71	73.08	78.41	70.75	common	common	False
leko	519.0	196.0	105.0	151.0	69.5	70.51	68.15	74.24	74.36	74.86	64.49	55.65	66.67	75.0	73.11	71.25	common	common	False
soko	448.0	236.0	99.0	188.0	64.89	65.74	65.19	74.1	68.02	67.81	58.7	48.12	58.99	76.6	65.91	67.03	common	common	False
misikeke	415.0	244.0	119.0	193.0	63.29	63.58	65.19	64.67	64.51	66.67	62.8	54.78	68.28	66.99	63.26	62.22	common	common	False
ku	394.0	252.0	104.0	221.0	66.59	61.45	62.22	71.58	62.35	61.14	47.58	54.2	55.96	71.79	58.33	62.15	common	common	False
lanpan	355.0	203.0	163.0	250.0	58.53	56.09	48.89	60.42	63.56	59.81	50.48	34.49	52.12	60.26	56.06	58.06	uncommon	uncommon	False
majuna	316.0	199.0	137.0	319.0	45.75	50.91	62.96	53.12	54.66	50.67	45.89	39.71	45.25	59.94	48.86	52.11	uncommon	uncommon	False
epiku	260.0	224.0	197.0	290.0	49.67	48.92	33.33	44.89	53.31	51.43	56.28	41.74	52.53	51.28	51.52	48.39	uncommon	uncommon	False
su	289.0	217.0	108.0	357.0	50.33	48.37	52.59	54.05	53.85	47.81	40.58	32.75	42.22	61.22	42.8	49.25	uncommon	uncommon	False
oko	268.0	179.0	203.0	321.0	52.11	46.86	62.22	54.05	44.94	48.38	39.61	35.65	41.41	52.88	49.24	47.89	uncommon	uncommon	False
meso	280.0	175.0	161.0	355.0	51.96	46.38	50.37	52.46	49.12	48.76	38.89	31.01	43.23	48.72	50.76	47.6	uncommon	uncommon	False
nimisin	234.0	197.0	179.0	361.0	38.02	43.77	29.63	37.58	47.64	48.0	50.0	40.58	43.64	42.95	43.18	45.52	uncommon	uncommon	False
jasima	220.0	209.0	150.0	392.0	43.28	42.16	45.19	45.55	47.23	45.33	35.75	25.51	36.36	46.15	44.32	44.09	uncommon	uncommon	False
linluwi	187.0	186.0	189.0	409.0	37.8	38.52	36.3	37.18	43.72	42.86	37.44	25.8	40.81	39.74	42.8	38.92	uncommon	uncommon	False
ali	110.0	147.0	207.0	507.0	31.95	28.53	37.04	34.0	27.94	27.24	22.95	23.19	25.66	26.92	29.92	29.68	uncommon	obscure	True
wuwojiti	86.0	123.0	88.0	674.0	22.26	20.32	16.3	21.65	21.19	23.24	17.87	15.65	22.22	23.08	18.18	20.72	obscure	obscure	False
kokosila	79.0	114.0	95.0	683.0	26.36	19.22	22.96	22.84	18.22	23.62	13.53	12.17	17.37	27.56	19.7	18.21	obscure	obscure	False
kiki	99.0	86.0	66.0	720.0	21.31	18.37	8.15	21.38	22.4	16.76	14.73	13.91	17.98	18.27	18.94	18.35	obscure	obscure	False
usawi	92.0	90.0	71.0	718.0	23.07	18.09	14.81	22.44	20.51	19.81	15.94	4.64	16.77	27.24	19.32	17.78	obscure	obscure	False
apeja	83.0	96.0	61.0	731.0	17.61	17.23	26.67	20.98	19.03	18.29	10.63	7.83	18.18	23.72	18.18	16.2	obscure	obscure	False
powe	93.0	70.0	69.0	739.0	18.48	16.75	15.56	19.79	19.3	18.1	14.25	6.09	14.34	25.96	15.91	15.99	obscure	obscure	False
oke	75.0	73.0	56.0	767.0	15.61	14.66	16.3	16.07	15.65	18.1	8.21	11.3	13.33	17.31	8.33	16.56	obscure	obscure	False
omekapo	72.0	80.0	51.0	768.0	14.92	14.66	7.41	17.93	14.71	16.57	14.49	7.54	17.58	19.23	10.61	13.55	obscure	obscure	False
te	69.0	67.0	64.0	771.0	12.64	13.9	13.33	17.13	15.38	13.33	10.87	8.41	11.92	20.19	9.85	14.27	obscure	obscure	False
isipin	74.0	52.0	69.0	776.0	13.22	13.56	8.15	16.47	14.3	14.48	11.59	8.7	16.57	14.42	13.26	13.26	obscure	obscure	False
to	67.0	64.0	63.0	777.0	12.6	13.46	13.33	16.73	14.44	13.33	9.42	9.28	11.92	20.19	9.85	13.33	obscure	obscure	False
nja	56.0	68.0	60.0	787.0	11.29	12.5	4.44	11.69	12.55	18.67	12.32	8.12	12.93	18.59	4.17	12.9	obscure	obscure	False
san	55.0	53.0	51.0	812.0	10.82	11.05	6.67	12.88	11.74	11.62	8.94	8.99	8.08	14.42	12.12	10.75	obscure	obscure	False
wa	61.0	49.0	33.0	828.0	10.35	10.78	14.81	13.15	11.47	11.43	6.52	6.67	10.91	13.14	4.55	11.54	obscure	obscure	False
owe	28.0	70.0	64.0	809.0	8.13	9.89	5.93	11.69	12.15	10.48	6.28	6.09	7.47	16.99	1.52	12.33	obscure	obscure	False
yupekosi	24.0	49.0	81.0	817.0	12.67	8.62	11.85	10.36	9.04	11.05	4.59	3.77	6.26	13.46	7.58	9.25	obscure	obscure	False
melome	38.0	45.0	41.0	847.0	9.8	8.41	4.44	9.03	9.45	9.14	8.45	5.22	10.1	11.22	4.92	9.03	obscure	obscure	False
kamalawala	32.0	50.0	44.0	845.0	8.75	8.24	6.67	10.49	8.64	8.57	6.76	4.35	9.29	9.94	4.55	8.46	obscure	obscure	False
mijomi	34.0	49.0	40.0	848.0	9.4	8.24	4.44	9.16	9.85	8.38	7.97	4.35	9.9	9.62	5.68	9.18	obscure	obscure	False
soto	47.0	30.0	36.0	858.0	7.33	8.14	2.96	8.76	8.91	10.1	5.56	7.25	8.48	9.29	9.85	8.75	obscure	obscure	False
puwa	36.0	47.0	30.0	858.0	10.02	7.96	4.44	12.75	9.31	6.67	1.93	5.22	9.09	8.33	7.58	8.24	obscure	obscure	False
teje	44.0	29.0	34.0	864.0	7.48	7.69	2.96	7.57	9.18	8.95	5.56	7.25	8.69	7.05	8.71	8.46	obscure	obscure	False
jami	34.0	39.0	30.0	868.0	7.88	7.21	9.63	6.37	7.56	10.67	5.31	4.35	7.47	5.77	3.41	7.6	obscure	obscure	False
penpo	27.0	43.0	40.0	861.0	5.27	7.11	2.96	7.3	9.04	8.57	6.28	2.9	2.83	11.54	1.52	10.32	obscure	obscure	False
ojuta	24.0	46.0	40.0	861.0	8.42	7.0	4.44	6.11	9.18	12.19	3.38	1.74	8.08	10.9	4.17	7.03	obscure	obscure	False
wasoweli	23.0	40.0	53.0	855.0	6.64	6.93	2.96	6.37	7.56	8.95	7.97	4.06	8.69	6.09	4.92	6.67	obscure	obscure	False
kapesi	27.0	43.0	33.0	868.0	8.82	6.87	12.59	9.16	5.53	5.71	3.38	8.41	7.47	8.33	7.95	6.88	obscure	obscure	False
kulijo	31.0	31.0	45.0	864.0	8.1	6.87	1.48	9.56	5.13	11.05	4.59	3.19	4.24	9.94	6.44	7.67	obscure	obscure	False
unu	29.0	34.0	38.0	870.0	7.99	6.63	8.89	9.83	5.53	5.52	4.59	5.22	6.26	8.97	4.55	7.24	obscure	obscure	False
po	32.0	33.0	29.0	877.0	6.64	6.56	5.93	8.63	6.21	7.05	3.38	6.09	5.86	8.33	7.95	7.03	obscure	obscure	False
taki	24.0	39.0	39.0	869.0	7.52	6.49	4.44	8.37	6.34	8.0	2.42	6.09	6.06	11.54	10.23	5.23	obscure	obscure	False
pika	27.0	34.0	38.0	872.0	5.74	6.42	0.0	5.58	6.61	7.81	6.52	8.12	8.89	5.13	7.58	5.81	obscure	obscure	False
konwe	26.0	38.0	33.0	874.0	7.04	6.42	2.22	7.7	5.53	8.76	6.52	3.48	8.48	6.41	7.95	5.88	obscure	obscure	False
pake	30.0	30.0	30.0	881.0	9.04	6.18	7.41	8.23	5.4	8.76	3.86	1.74	5.86	8.33	5.68	6.52	obscure	obscure	False
wekama	27.0	27.0	41.0	876.0	5.88	6.04	4.44	5.84	6.34	8.95	3.38	5.22	7.27	8.01	1.52	6.59	obscure	obscure	False
misa	21.0	41.0	27.0	882.0	7.3	5.9	2.96	6.51	6.34	7.81	2.66	5.8	6.46	8.97	3.03	5.45	obscure	obscure	False
sutopatikuna	16.0	26.0	40.0	889.0	6.64	4.81	5.93	6.24	4.99	6.1	3.38	0.58	3.43	7.69	2.65	5.23	obscure	obscure	False
pakola	9.0	35.0	26.0	901.0	5.08	4.22	2.22	5.84	3.51	5.71	4.11	0.87	3.03	7.69	1.52	4.95	obscure	sandbox	True
kisa	24.0	15.0	18.0	914.0	3.96	4.12	2.22	3.45	5.26	5.14	2.9	3.77	4.85	7.37	1.14	4.3	sandbox	sandbox	False
eliki	18.0	22.0	22.0	909.0	3.85	4.12	7.41	5.71	5.13	2.86	2.42	1.16	3.03	5.45	3.03	4.59	sandbox	sandbox	False
mulapisu	14.0	19.0	32.0	906.0	4.97	3.84	2.96	5.44	2.97	4.38	3.38	2.32	3.43	5.77	2.27	4.01	obscure	sandbox	True
jonke	13.0	18.0	26.0	914.0		3.47	3.7	3.05	3.24	4.95	3.14	2.9	5.25	5.45	0.38	3.01	sandbox	sandbox	False
Pingo	9.0	20.0	23.0	919.0	4.43	3.09	6.67	3.19	2.56	5.9	0.97	0.87	4.04	4.17	2.27	3.23	sandbox	sandbox	False
lonsi	12.0	19.0	14.0	926.0	3.09	3.02	2.22	2.92	4.18	3.24	3.14	0.58	1.21	9.29	3.03	2.51	sandbox	sandbox	False
juna	10.0	17.0	18.0	926.0		2.81	0.74	1.46	3.51	5.52	1.93	2.03	2.63	2.56	1.52	3.44	sandbox	sandbox	False
alu	9.0	15.0	23.0	924.0	3.74	2.75	4.44	3.19	3.78	3.05	1.21	0.29	3.03	3.85	0.76	3.51	sandbox	sandbox	False
kan	8.0	9.0	14.0	940.0	2.8	1.92	6.67	2.26	1.62	1.14	1.45	1.74	2.83	1.28	0.38	2.22	sandbox	sandbox	False
pata	6.0	14.0	9.0	942.0		1.89	5.93	1.06	2.16	2.1	0.48	2.9	2.83	0.32	3.03	1.51	sandbox	sandbox	False
pa	4.0	9.0	13.0	945.0	2.47	1.48	2.22	1.33	0.94	2.1	1.45	1.74	2.63	0.96	1.52	1.65	sandbox	sandbox	False
ki	5.0	6.0	16.0	944.0	1.27	1.48	0.74	1.99	1.62	0.76	0.24	2.9	1.82	2.88	0.0	1.29	sandbox	sandbox	False
poni	4.0	7.0	7.0	953.0		1.13	1.48	2.12	0.67	0.95	0.97	0.29	2.02	0.96	0.0	1.08	sandbox	sandbox	False
ta	1.0	6.0	8.0	956.0	1.2	0.79	0.0	1.59	0.54	0.38	0.24	1.16	0.4	2.56	0.0	0.79	sandbox	sandbox	False
lo	2.0	2.0	6.0	961.0	0.76	0.55	0.0	1.06	0.13	1.14	0.0	0.29	1.01	0.96	0.0	0.43	sandbox	sandbox	False
anake	0.0	0.0	0.0	971.0		0.0	0.0	0.0	0.0	0.0	0.0	0.0	0.0	0.0	0.0	0.0	sandbox	sandbox	False
kapo	0.0	0.0	0.0	971.0		0.0	0.0	0.0	0.0	0.0	0.0	0.0	0.0	0.0	0.0	0.0	sandbox	sandbox	False
kije					2.87												sandbox	sandbox	False
jipi					2.0												sandbox	sandbox	False
lan					0.65												sandbox	sandbox	False
nini					0.25												sandbox	sandbox	False
nujosi					0.0												sandbox	sandbox	False
mejuse					0.0												sandbox	sandbox	False
