,0
296,1.0
876,49.66666666666669
901,56.99999999999994
228,59.66666666666663
406,93.00000000000003
758,95.00000000000003
106,99.33333333333337
508,109.00000000000003
108,116.66666666666666
553,117.0
404,118.00000000000009
712,118.33333333333333
174,118.99999999999997
237,119.0
736,119.33333333333331
594,119.33333333333334
365,119.66666666666667
752,120.00000000000001
657,120.00000000000001
187,120.33333333333333
389,120.66666666666673
836,120.99999999999997
850,121.00000000000001
639,121.00000000000004
466,121.33333333333333
340,121.33333333333333
223,121.33333333333336
838,121.33333333333336
868,121.66666666666666
575,121.66666666666667
567,121.66666666666667
323,121.66666666666669
770,122.0
111,122.0
656,122.00000000000001
843,122.33333333333331
355,122.33333333333333
205,122.66666666666666
593,122.66666666666666
229,122.66666666666667
881,122.66666666666669
144,123.0
929,123.00000000000001
903,123.00000000000001
142,123.00000000000001
336,123.3333333333333
686,123.3333333333333
683,123.33333333333334
920,123.33333333333334
230,123.66666666666664
312,123.66666666666667
645,123.99999999999997
505,123.99999999999999
832,123.99999999999999
633,123.99999999999999
573,123.99999999999999
253,124.0
922,124.0
113,124.0
523,124.00000000000001
88,124.00000000000001
896,124.33333333333331
652,124.33333333333331
730,124.33333333333333
242,124.33333333333333
378,124.33333333333334
887,124.33333333333334
11,124.33333333333336
292,124.33333333333336
607,124.33333333333337
558,124.66666666666664
691,124.66666666666664
970,124.66666666666666
766,124.66666666666667
169,124.66666666666669
954,124.6666666666667
301,125.0
445,125.00000000000001
871,125.00000000000003
305,125.33333333333331
820,125.33333333333331
522,125.33333333333333
526,125.33333333333333
391,125.33333333333333
846,125.33333333333336
841,125.33333333333337
897,125.66666666666664
915,125.66666666666666
632,125.66666666666666
89,125.66666666666666
432,125.66666666666667
860,125.66666666666667
751,125.66666666666667
809,125.66666666666669
146,125.66666666666669
924,125.66666666666669
617,125.6666666666667
162,125.99999999999999
463,125.99999999999999
757,126.0
513,126.0
471,126.00000000000001
251,126.00000000000003
401,126.00000000000004
356,126.33333333333333
150,126.33333333333333
561,126.33333333333334
82,126.33333333333334
225,126.33333333333334
280,126.33333333333334
772,126.33333333333334
458,126.33333333333336
648,126.33333333333336
101,126.33333333333337
57,126.66666666666664
869,126.66666666666666
894,126.66666666666667
176,126.66666666666667
222,126.66666666666667
775,126.66666666666669
261,126.66666666666669
202,126.66666666666669
576,126.6666666666667
267,126.6666666666667
350,126.99999999999999
532,126.99999999999999
661,127.0
206,127.0
723,127.0
596,127.00000000000001
925,127.00000000000001
482,127.00000000000003
626,127.00000000000003
735,127.00000000000003
898,127.00000000000004
143,127.3333333333333
448,127.33333333333331
956,127.33333333333331
200,127.33333333333333
512,127.33333333333333
182,127.33333333333333
640,127.33333333333333
493,127.33333333333334
410,127.33333333333336
942,127.33333333333336
148,127.66666666666664
659,127.66666666666666
975,127.66666666666666
834,127.66666666666666
415,127.66666666666667
666,127.66666666666667
129,127.66666666666667
207,127.66666666666669
494,127.99999999999999
184,128.0
226,128.00000000000003
810,128.33333333333331
706,128.33333333333334
764,128.33333333333334
317,128.33333333333334
130,128.33333333333334
249,128.33333333333334
928,128.33333333333334
588,128.33333333333334
393,128.33333333333334
437,128.3333333333334
821,128.66666666666666
309,128.66666666666666
917,128.66666666666666
619,128.66666666666666
858,128.66666666666666
440,128.66666666666666
510,128.66666666666666
514,128.66666666666666
890,128.66666666666669
852,128.66666666666669
906,128.66666666666669
153,128.66666666666669
193,128.66666666666669
816,128.66666666666669
763,128.66666666666669
880,128.6666666666667
497,128.6666666666667
35,129.0
190,129.0
604,129.0
866,129.0
568,129.0
110,129.0
444,129.0
557,129.00000000000003
839,129.00000000000003
183,129.00000000000006
62,129.33333333333331
268,129.33333333333331
455,129.33333333333331
803,129.33333333333331
815,129.33333333333331
69,129.33333333333331
623,129.33333333333331
61,129.33333333333331
290,129.33333333333334
214,129.33333333333337
966,129.3333333333334
166,129.66666666666663
170,129.66666666666663
320,129.66666666666666
972,129.66666666666666
50,129.66666666666666
636,129.66666666666666
874,129.66666666666666
491,129.66666666666666
278,129.66666666666666
765,129.66666666666666
779,129.66666666666666
307,129.66666666666666
707,129.66666666666666
486,129.66666666666669
552,129.66666666666669
886,129.66666666666669
844,129.66666666666669
139,129.66666666666669
654,129.66666666666669
851,129.66666666666669
950,129.66666666666669
136,129.66666666666669
438,129.66666666666669
271,129.66666666666669
366,129.66666666666669
68,129.66666666666669
695,129.6666666666667
165,129.99999999999997
75,129.99999999999997
31,129.99999999999997
417,129.99999999999997
782,130.0
485,130.0
579,130.0
930,130.0
742,130.0
250,130.0
385,130.0
725,130.0
333,130.00000000000006
195,130.33333333333331
328,130.33333333333331
699,130.33333333333331
180,130.33333333333331
957,130.33333333333334
403,130.33333333333334
600,130.33333333333334
895,130.33333333333337
569,130.33333333333337
248,130.33333333333337
761,130.66666666666666
624,130.66666666666666
511,130.66666666666666
680,130.66666666666666
40,130.66666666666666
592,130.66666666666666
3,130.66666666666666
325,130.66666666666669
615,130.66666666666669
625,130.66666666666669
100,130.66666666666669
470,130.66666666666669
490,130.66666666666669
453,130.6666666666667
769,130.6666666666667
135,130.99999999999994
808,130.99999999999997
212,130.99999999999997
612,130.99999999999997
944,131.0
787,131.0
701,131.0
441,131.0
674,131.0
419,131.0
115,131.0
219,131.0
977,131.0
609,131.0
107,131.0
893,131.00000000000003
555,131.3333333333333
786,131.33333333333331
889,131.33333333333331
173,131.33333333333331
923,131.33333333333331
833,131.33333333333331
43,131.33333333333334
931,131.33333333333334
218,131.33333333333334
433,131.33333333333334
634,131.33333333333334
540,131.33333333333337
357,131.66666666666663
778,131.66666666666663
807,131.66666666666663
909,131.66666666666666
693,131.66666666666666
717,131.66666666666666
204,131.66666666666666
754,131.66666666666666
300,131.66666666666666
598,131.66666666666666
287,131.66666666666666
257,131.66666666666669
324,131.66666666666669
339,131.66666666666669
795,131.66666666666669
197,131.66666666666669
311,131.6666666666667
519,131.6666666666667
814,131.66666666666677
390,131.99999999999997
303,131.99999999999997
314,132.0
682,132.0
933,132.0
81,132.0
506,132.0
724,132.0
263,132.00000000000003
697,132.00000000000003
132,132.00000000000003
755,132.00000000000003
546,132.00000000000009
842,132.33333333333331
863,132.33333333333331
99,132.33333333333331
474,132.33333333333331
671,132.33333333333331
384,132.33333333333331
422,132.33333333333331
728,132.33333333333331
275,132.33333333333331
849,132.33333333333334
783,132.33333333333334
829,132.33333333333334
797,132.33333333333334
854,132.33333333333334
965,132.33333333333337
408,132.66666666666663
374,132.66666666666663
361,132.66666666666663
547,132.66666666666663
528,132.66666666666663
83,132.66666666666666
411,132.66666666666666
837,132.66666666666666
643,132.66666666666666
141,132.66666666666666
580,132.66666666666666
635,132.66666666666666
734,132.66666666666666
714,132.66666666666666
548,132.66666666666666
622,132.66666666666669
274,132.66666666666669
306,132.66666666666669
131,132.66666666666669
902,132.66666666666669
574,132.99999999999994
733,132.99999999999997
7,133.0
826,133.0
318,133.0
48,133.0
651,133.0
479,133.0
637,133.00000000000003
926,133.00000000000003
496,133.00000000000003
383,133.00000000000003
211,133.00000000000003
149,133.00000000000006
47,133.00000000000006
6,133.3333333333333
316,133.33333333333331
498,133.33333333333331
331,133.33333333333331
927,133.33333333333331
38,133.33333333333334
66,133.33333333333334
962,133.33333333333334
655,133.33333333333334
883,133.33333333333334
346,133.33333333333334
801,133.33333333333334
231,133.33333333333334
878,133.33333333333334
501,133.33333333333337
233,133.33333333333337
259,133.33333333333337
599,133.3333333333334
642,133.66666666666663
698,133.66666666666666
452,133.66666666666666
30,133.66666666666666
542,133.66666666666666
255,133.66666666666666
739,133.66666666666666
285,133.66666666666666
435,133.66666666666666
750,133.66666666666669
581,133.66666666666669
720,133.66666666666669
308,133.66666666666669
976,133.66666666666669
968,133.66666666666669
84,133.66666666666669
713,133.66666666666669
34,133.6666666666667
689,133.99999999999994
941,133.99999999999997
41,133.99999999999997
516,133.99999999999997
483,133.99999999999997
394,133.99999999999997
352,133.99999999999997
952,133.99999999999997
283,134.0
538,134.0
167,134.0
678,134.0
704,134.0
94,134.0
49,134.0
943,134.0
762,134.00000000000003
756,134.00000000000003
90,134.00000000000006
679,134.33333333333326
875,134.3333333333333
549,134.3333333333333
467,134.3333333333333
21,134.33333333333331
791,134.33333333333331
238,134.33333333333331
884,134.33333333333331
618,134.33333333333334
545,134.33333333333334
718,134.33333333333334
492,134.33333333333334
70,134.33333333333334
456,134.33333333333337
460,134.66666666666663
203,134.66666666666663
382,134.66666666666663
272,134.66666666666663
240,134.66666666666663
960,134.66666666666666
582,134.66666666666666
802,134.66666666666666
370,134.66666666666666
436,134.66666666666666
900,134.66666666666666
125,134.66666666666666
812,134.66666666666666
973,134.66666666666669
112,134.66666666666669
613,134.66666666666669
85,134.66666666666669
140,134.99999999999994
503,134.99999999999994
719,134.99999999999997
665,134.99999999999997
789,134.99999999999997
572,134.99999999999997
741,134.99999999999997
443,135.0
667,135.0
128,135.0
583,135.0
773,135.0
856,135.0
760,135.00000000000003
918,135.00000000000003
556,135.00000000000003
978,135.00000000000003
709,135.00000000000006
817,135.00000000000006
813,135.3333333333333
727,135.3333333333333
429,135.3333333333333
36,135.3333333333333
120,135.33333333333331
343,135.33333333333331
865,135.33333333333331
380,135.33333333333331
322,135.33333333333331
402,135.33333333333331
188,135.33333333333331
371,135.33333333333334
397,135.33333333333334
616,135.33333333333334
103,135.33333333333334
602,135.33333333333334
163,135.33333333333337
614,135.33333333333337
777,135.33333333333337
213,135.3333333333334
399,135.66666666666663
921,135.66666666666663
427,135.66666666666666
2,135.66666666666666
159,135.66666666666666
590,135.66666666666666
743,135.66666666666666
888,135.66666666666669
953,135.66666666666669
224,135.66666666666669
114,135.66666666666669
137,135.66666666666669
55,135.66666666666669
595,135.66666666666669
673,135.66666666666669
185,135.66666666666669
905,135.6666666666667
487,135.6666666666667
534,135.99999999999994
729,135.99999999999994
421,135.99999999999997
472,135.99999999999997
451,135.99999999999997
473,136.0
690,136.0
386,136.0
475,136.0
781,136.0
845,136.0
700,136.00000000000003
17,136.00000000000003
649,136.00000000000003
186,136.00000000000003
264,136.00000000000003
840,136.00000000000006
629,136.33333333333326
870,136.33333333333331
527,136.33333333333331
277,136.33333333333331
363,136.33333333333331
638,136.33333333333331
138,136.33333333333331
420,136.33333333333331
530,136.33333333333331
799,136.33333333333331
606,136.33333333333331
912,136.33333333333334
563,136.33333333333334
286,136.33333333333337
92,136.33333333333337
531,136.3333333333334
395,136.66666666666663
158,136.66666666666663
932,136.66666666666663
329,136.66666666666666
269,136.66666666666666
93,136.66666666666669
476,136.66666666666669
586,136.66666666666669
379,136.66666666666669
500,136.66666666666669
509,136.6666666666667
284,136.6666666666667
749,136.6666666666667
172,136.6666666666667
449,136.99999999999997
597,136.99999999999997
109,137.0
507,137.0
488,137.0
126,137.00000000000003
792,137.00000000000003
72,137.00000000000006
684,137.00000000000006
221,137.00000000000006
566,137.00000000000006
87,137.33333333333326
517,137.3333333333333
227,137.3333333333333
535,137.3333333333333
605,137.3333333333333
348,137.33333333333331
97,137.33333333333331
644,137.33333333333331
210,137.33333333333331
710,137.33333333333331
468,137.33333333333331
647,137.33333333333331
161,137.33333333333334
32,137.33333333333334
740,137.33333333333334
744,137.33333333333334
873,137.33333333333337
630,137.66666666666663
414,137.66666666666663
326,137.66666666666663
825,137.66666666666663
198,137.66666666666663
864,137.66666666666663
708,137.66666666666666
726,137.66666666666666
273,137.66666666666666
785,137.66666666666666
262,137.66666666666666
711,137.66666666666666
716,137.66666666666666
564,137.66666666666666
119,137.66666666666666
116,137.66666666666669
899,137.66666666666669
804,137.6666666666667
969,137.6666666666667
9,137.6666666666668
959,137.99999999999994
461,137.99999999999997
565,137.99999999999997
13,137.99999999999997
424,138.0
971,138.0
465,138.0
913,138.00000000000003
722,138.00000000000003
23,138.00000000000006
232,138.00000000000006
400,138.3333333333333
936,138.3333333333333
457,138.33333333333331
37,138.33333333333331
22,138.33333333333331
660,138.33333333333331
780,138.33333333333334
811,138.33333333333334
330,138.33333333333334
961,138.33333333333334
793,138.33333333333334
294,138.33333333333334
377,138.33333333333337
293,138.3333333333334
388,138.3333333333334
478,138.66666666666663
358,138.66666666666663
76,138.66666666666666
4,138.66666666666666
676,138.66666666666666
63,138.66666666666666
60,138.66666666666666
877,138.66666666666666
71,138.66666666666669
685,138.66666666666669
409,138.66666666666669
243,138.66666666666669
321,138.66666666666669
332,138.66666666666669
1,138.66666666666669
946,138.66666666666669
282,138.6666666666667
16,138.6666666666667
907,138.6666666666667
25,138.99999999999991
298,138.99999999999994
54,138.99999999999994
67,138.99999999999997
536,138.99999999999997
935,138.99999999999997
209,138.99999999999997
431,139.0
872,139.0
824,139.0
768,139.0
354,139.0
347,139.0
882,139.00000000000003
281,139.00000000000003
181,139.00000000000003
208,139.00000000000003
484,139.00000000000009
145,139.33333333333326
199,139.3333333333333
260,139.3333333333333
192,139.3333333333333
29,139.3333333333333
239,139.33333333333331
610,139.33333333333331
571,139.33333333333331
515,139.33333333333334
33,139.33333333333334
911,139.33333333333337
191,139.33333333333337
702,139.33333333333337
327,139.33333333333337
715,139.3333333333334
28,139.6666666666666
464,139.6666666666666
489,139.66666666666663
375,139.66666666666663
539,139.66666666666666
694,139.66666666666666
53,139.66666666666666
310,139.66666666666666
798,139.66666666666669
477,139.66666666666669
297,139.66666666666669
342,139.6666666666667
784,139.6666666666667
154,139.99999999999994
504,139.99999999999997
955,140.0
853,140.0
245,140.0
64,140.00000000000003
15,140.00000000000003
353,140.00000000000003
220,140.00000000000003
288,140.00000000000003
774,140.00000000000003
668,140.00000000000003
703,140.0000000000001
147,140.3333333333333
827,140.33333333333331
746,140.33333333333331
480,140.33333333333334
454,140.33333333333334
891,140.33333333333337
51,140.33333333333343
407,140.33333333333343
550,140.33333333333343
620,140.6666666666666
302,140.6666666666666
74,140.6666666666666
124,140.6666666666666
753,140.66666666666663
608,140.66666666666663
518,140.66666666666666
59,140.66666666666666
919,140.66666666666666
236,140.66666666666666
247,140.66666666666669
560,140.66666666666669
559,140.66666666666669
721,140.6666666666667
73,140.6666666666668
376,140.99999999999997
412,140.99999999999997
776,140.99999999999997
86,140.99999999999997
254,140.99999999999997
315,141.0
344,141.0
235,141.00000000000003
822,141.00000000000003
56,141.00000000000006
469,141.3333333333333
335,141.33333333333331
481,141.33333333333331
529,141.33333333333331
796,141.33333333333334
908,141.33333333333334
27,141.33333333333334
611,141.33333333333334
279,141.33333333333337
818,141.6666666666666
800,141.66666666666663
58,141.66666666666663
362,141.66666666666663
732,141.66666666666663
10,141.66666666666666
525,141.66666666666669
658,141.99999999999994
940,141.99999999999994
387,142.0
446,142.00000000000003
867,142.00000000000006
179,142.33333333333323
313,142.3333333333333
134,142.33333333333331
338,142.33333333333331
177,142.33333333333334
914,142.33333333333334
425,142.33333333333337
364,142.33333333333337
939,142.66666666666663
45,142.66666666666663
434,142.66666666666666
80,142.66666666666669
731,142.66666666666669
418,142.66666666666674
951,142.66666666666683
256,142.9999999999999
373,142.99999999999994
98,142.99999999999997
794,142.99999999999997
117,143.00000000000006
157,143.00000000000006
102,143.00000000000009
295,143.3333333333333
819,143.3333333333333
650,143.33333333333331
44,143.33333333333334
562,143.66666666666654
368,143.66666666666666
677,143.66666666666666
405,143.66666666666669
578,143.99999999999991
133,144.0
39,144.00000000000003
341,144.00000000000006
621,144.00000000000009
258,144.3333333333333
439,144.33333333333331
963,144.33333333333334
398,144.6666666666666
152,144.66666666666663
771,144.66666666666663
948,144.66666666666663
916,144.66666666666666
828,144.66666666666666
168,144.66666666666669
767,144.6666666666667
848,145.0
748,145.00000000000003
291,145.00000000000006
554,145.00000000000009
459,145.33333333333331
601,145.33333333333331
156,145.33333333333334
462,145.33333333333337
830,145.33333333333337
392,145.6666666666666
428,145.6666666666666
26,145.66666666666663
175,145.66666666666663
96,145.66666666666666
372,145.66666666666666
520,145.66666666666669
631,145.6666666666667
104,145.66666666666674
910,145.6666666666668
91,145.99999999999994
662,145.99999999999997
151,146.00000000000003
52,146.33333333333326
628,146.33333333333326
426,146.3333333333333
958,146.3333333333333
879,146.33333333333337
502,146.66666666666663
360,146.66666666666669
171,146.66666666666669
189,146.9999999999999
178,146.99999999999997
653,147.00000000000003
974,147.00000000000003
12,147.00000000000006
587,147.00000000000006
369,147.33333333333331
241,147.33333333333331
967,147.33333333333337
641,147.66666666666663
589,147.99999999999991
831,147.99999999999994
160,148.0
194,148.0
861,148.0
24,148.00000000000006
367,148.33333333333326
759,148.33333333333334
738,148.33333333333337
855,148.66666666666663
857,148.66666666666666
805,148.99999999999994
745,148.99999999999994
337,149.00000000000003
524,149.33333333333331
164,149.66666666666666
450,149.66666666666674
299,149.99999999999991
20,149.99999999999997
442,150.0
413,150.0
747,150.3333333333333
396,150.3333333333333
78,150.33333333333331
790,150.33333333333334
591,150.3333333333334
495,150.66666666666663
95,150.66666666666663
687,150.99999999999994
603,151.00000000000003
77,151.00000000000006
127,151.33333333333334
584,151.33333333333343
196,151.66666666666663
646,151.66666666666666
42,151.9999999999999
664,152.00000000000009
537,152.33333333333326
692,152.66666666666663
201,152.66666666666666
18,152.66666666666666
859,152.66666666666669
892,152.99999999999991
304,152.99999999999994
430,153.0
381,153.3333333333333
577,153.66666666666663
289,153.66666666666669
541,153.99999999999997
533,154.0
947,154.00000000000003
122,154.00000000000003
359,154.33333333333334
5,154.66666666666663
0,154.66666666666666
447,154.99999999999994
521,155.33333333333331
904,155.33333333333331
937,155.6666666666666
570,155.9999999999999
270,156.6666666666666
627,156.6666666666667
14,156.99999999999991
349,156.99999999999994
105,156.99999999999994
123,157.66666666666654
663,157.99999999999997
217,157.99999999999997
835,158.3333333333333
885,158.66666666666654
806,159.00000000000009
585,159.33333333333337
964,159.99999999999994
19,159.99999999999997
266,161.33333333333323
938,161.3333333333333
737,161.33333333333337
351,161.66666666666666
65,161.99999999999994
416,163.66666666666663
696,165.0
216,166.0
345,166.6666666666668
265,166.99999999999997
8,168.6666666666666
118,170.33333333333317
681,171.33333333333331
155,173.99999999999997
544,174.66666666666657
823,175.0
